{
    "formula": "aln",
    "basis": {
        "Al": [
            [
                0,
                [
                    0.990359,
                    1.0
                ]
            ],
            [
                0,
                [
                    0.176287,
                    1.0
                ]
            ],
            [
                0,
                [
                    0.063442,
                    1.0
                ]
            ],
            [
                1,
                [
                    0.196148,
                    1.0
                ]
            ],
            [
                1,
                [
                    0.056845,
                    1.0
                ]
            ],
            [
                2,
                [
                    1.033994,
                    1.0
                ]
            ],
            [
                2,
                [
                    0.280243,
                    1.0
                ]
            ],
            [
                2,
                [
                    0.101078,
                    1.0
                ]
            ],
            [
                3,
                [
                    0.444347,
                    1.0
                ]
            ],
            [
                3,
                [
                    0.170425,
                    1.0
                ]
            ],
            [
                4,
                [
                    0.352417,
                    1.0
                ]
            ]
        ],
        "N": [
            [
                0,
                [
                    10.825244,
                    -0.03547603
                ],
                [
                    4.650477,
                    -0.1291745
                ]
            ],
            [
                0,
                [
                    0.85853,
                    1.0
                ]
            ],
            [
                0,
                [
                    0.346728,
                    1.0
                ]
            ],
            [
                0,
                [
                    0.138771,
                    1.0
                ]
            ],
            [
                1,
                [
                    7.774915,
                    0.05576795
                ],
                [
                    2.785927,
                    0.1730146
                ]
            ],
            [
                1,
                [
                    1.011876,
                    1.0
                ]
            ],
            [
                1,
                [
                    0.37156,
                    1.0
                ]
            ],
            [
                1,
                [
                    0.132073,
                    1.0
                ]
            ],
            [
                2,
                [
                    3.044276,
                    1.0
                ]
            ],
            [
                2,
                [
                    1.00017,
                    1.0
                ]
            ],
            [
                2,
                [
                    0.344383,
                    1.0
                ]
            ],
            [
                3,
                [
                    2.052917,
                    1.0
                ]
            ],
            [
                3,
                [
                    0.688155,
                    1.0
                ]
            ],
            [
                4,
                [
                    1.435779,
                    1.0
                ]
            ]
        ]
    },
    "vb_scaled_center": [
        0.0,
        0.0,
        0.0
    ],
    "vb_nroots": 1,
    "cb_scaled_center": [
        0.0199005,
        0.0199005,
        0.0
    ],
    "cb_nroots": 1,
    "nmo": 202,
    "nocc": 8,
    "nvir": 194
}