{
    "formula": "aln",
    "basis": {
        "Al": [
            [
                0,
                [
                    0.990359,
                    -0.2261261
                ],
                [
                    0.176287,
                    0.640909
                ]
            ],
            [
                0,
                [
                    0.063442,
                    1.0
                ]
            ],
            [
                1,
                [
                    0.196148,
                    1.0
                ]
            ],
            [
                1,
                [
                    0.056845,
                    1.0
                ]
            ],
            [
                2,
                [
                    0.195512,
                    1.0
                ]
            ]
        ],
        "N": [
            [
                0,
                [
                    10.825244,
                    -0.03547603
                ],
                [
                    4.650477,
                    -0.1291745
                ],
                [
                    0.85853,
                    0.3705924
                ],
                [
                    0.346728,
                    0.5442998
                ]
            ],
            [
                0,
                [
                    0.138771,
                    1.0
                ]
            ],
            [
                1,
                [
                    7.774915,
                    0.05576795
                ],
                [
                    2.785927,
                    0.1730146
                ],
                [
                    1.011876,
                    0.3622672
                ],
                [
                    0.37156,
                    0.4357981
                ]
            ],
            [
                1,
                [
                    0.132073,
                    1.0
                ]
            ],
            [
                2,
                [
                    0.825214,
                    1.0
                ]
            ]
        ]
    },
    "vb_scaled_center": [
        0.0,
        0.0,
        0.0
    ],
    "vb_nroots": 1,
    "cb_scaled_center": [
        0.0199005,
        0.0199005,
        0.0
    ],
    "cb_nroots": 1,
    "nmo": 52,
    "nocc": 8,
    "nvir": 44
}