{
    "formula": "alp",
    "basis": {
        "Al": [
            [
                0,
                [
                    0.990359,
                    1.0
                ]
            ],
            [
                0,
                [
                    0.176287,
                    1.0
                ]
            ],
            [
                0,
                [
                    0.063442,
                    1.0
                ]
            ],
            [
                1,
                [
                    0.196148,
                    1.0
                ]
            ],
            [
                1,
                [
                    0.056845,
                    1.0
                ]
            ],
            [
                2,
                [
                    1.033994,
                    1.0
                ]
            ],
            [
                2,
                [
                    0.280243,
                    1.0
                ]
            ],
            [
                2,
                [
                    0.101078,
                    1.0
                ]
            ],
            [
                3,
                [
                    0.444347,
                    1.0
                ]
            ],
            [
                3,
                [
                    0.170425,
                    1.0
                ]
            ],
            [
                4,
                [
                    0.352417,
                    1.0
                ]
            ]
        ],
        "P": [
            [
                0,
                [
                    1.530023,
                    1.0
                ]
            ],
            [
                0,
                [
                    0.506175,
                    1.0
                ]
            ],
            [
                0,
                [
                    0.222875,
                    1.0
                ]
            ],
            [
                0,
                [
                    0.09148,
                    1.0
                ]
            ],
            [
                1,
                [
                    2.392373,
                    1.0
                ]
            ],
            [
                1,
                [
                    0.508607,
                    1.0
                ]
            ],
            [
                1,
                [
                    0.200789,
                    1.0
                ]
            ],
            [
                1,
                [
                    0.076389,
                    1.0
                ]
            ],
            [
                2,
                [
                    1.510674,
                    1.0
                ]
            ],
            [
                2,
                [
                    0.498305,
                    1.0
                ]
            ],
            [
                2,
                [
                    0.185542,
                    1.0
                ]
            ],
            [
                3,
                [
                    0.749109,
                    1.0
                ]
            ],
            [
                3,
                [
                    0.290134,
                    1.0
                ]
            ],
            [
                4,
                [
                    0.610638,
                    1.0
                ]
            ]
        ]
    },
    "vb_scaled_center": [
        0.0,
        0.0,
        0.0
    ],
    "vb_nroots": 3,
    "cb_scaled_center": [
        0.5,
        0.0,
        0.5
    ],
    "cb_nroots": 1,
    "nmo": 101,
    "nocc": 4,
    "nvir": 97
}