{
    "formula": "alp",
    "basis": {
        "Al": [
            [
                0,
                [
                    0.990359,
                    1.0
                ]
            ],
            [
                0,
                [
                    0.176287,
                    1.0
                ]
            ],
            [
                0,
                [
                    0.063442,
                    1.0
                ]
            ],
            [
                1,
                [
                    0.196148,
                    1.0
                ]
            ],
            [
                1,
                [
                    0.056845,
                    1.0
                ]
            ],
            [
                2,
                [
                    0.377789,
                    1.0
                ]
            ],
            [
                2,
                [
                    0.120097,
                    1.0
                ]
            ],
            [
                3,
                [
                    0.261505,
                    1.0
                ]
            ]
        ],
        "P": [
            [
                0,
                [
                    1.530023,
                    -0.3071303
                ],
                [
                    0.506175,
                    0.2715404
                ]
            ],
            [
                0,
                [
                    0.222875,
                    1.0
                ]
            ],
            [
                0,
                [
                    0.09148,
                    1.0
                ]
            ],
            [
                1,
                [
                    2.392373,
                    -0.02970422
                ],
                [
                    0.508607,
                    0.3273061
                ]
            ],
            [
                1,
                [
                    0.200789,
                    1.0
                ]
            ],
            [
                1,
                [
                    0.076389,
                    1.0
                ]
            ],
            [
                2,
                [
                    0.755098,
                    1.0
                ]
            ],
            [
                2,
                [
                    0.234585,
                    1.0
                ]
            ],
            [
                3,
                [
                    0.471351,
                    1.0
                ]
            ]
        ]
    },
    "vb_scaled_center": [
        0.0,
        0.0,
        0.0
    ],
    "vb_nroots": 3,
    "cb_scaled_center": [
        0.5,
        0.0,
        0.5
    ],
    "cb_nroots": 1,
    "nmo": 55,
    "nocc": 4,
    "nvir": 51
}