{
    "formula": "alp",
    "basis": {
        "Al": [
            [
                0,
                [
                    0.990359,
                    -0.2261261
                ],
                [
                    0.176287,
                    0.640909
                ]
            ],
            [
                0,
                [
                    0.063442,
                    1.0
                ]
            ],
            [
                1,
                [
                    0.196148,
                    1.0
                ]
            ],
            [
                1,
                [
                    0.056845,
                    1.0
                ]
            ],
            [
                2,
                [
                    0.195512,
                    1.0
                ]
            ]
        ],
        "P": [
            [
                0,
                [
                    1.530023,
                    -0.3071303
                ],
                [
                    0.506175,
                    0.2715404
                ],
                [
                    0.222875,
                    0.6623308
                ]
            ],
            [
                0,
                [
                    0.09148,
                    1.0
                ]
            ],
            [
                1,
                [
                    2.392373,
                    -0.02970422
                ],
                [
                    0.508607,
                    0.3273061
                ],
                [
                    0.200789,
                    0.5398297
                ]
            ],
            [
                1,
                [
                    0.076389,
                    1.0
                ]
            ],
            [
                2,
                [
                    0.391583,
                    1.0
                ]
            ]
        ]
    },
    "vb_scaled_center": [
        0.0,
        0.0,
        0.0
    ],
    "vb_nroots": 3,
    "cb_scaled_center": [
        0.5,
        0.0,
        0.5
    ],
    "cb_nroots": 1,
    "nmo": 26,
    "nocc": 4,
    "nvir": 22
}