{
    "formula": "bn",
    "basis": {
        "B": [
            [
                0,
                [
                    2.179344,
                    -0.1885123
                ],
                [
                    0.546712,
                    0.3065767
                ]
            ],
            [
                0,
                [
                    0.137149,
                    1.0
                ]
            ],
            [
                1,
                [
                    2.175375,
                    0.1226444
                ],
                [
                    0.514597,
                    0.44296
                ]
            ],
            [
                1,
                [
                    0.121731,
                    1.0
                ]
            ],
            [
                2,
                [
                    0.348445,
                    1.0
                ]
            ]
        ],
        "N": [
            [
                0,
                [
                    10.825244,
                    -0.03547603
                ],
                [
                    4.650477,
                    -0.1291745
                ],
                [
                    0.85853,
                    0.3705924
                ],
                [
                    0.346728,
                    0.5442998
                ]
            ],
            [
                0,
                [
                    0.138771,
                    1.0
                ]
            ],
            [
                1,
                [
                    7.774915,
                    0.05576795
                ],
                [
                    2.785927,
                    0.1730146
                ],
                [
                    1.011876,
                    0.3622672
                ],
                [
                    0.37156,
                    0.4357981
                ]
            ],
            [
                1,
                [
                    0.132073,
                    1.0
                ]
            ],
            [
                2,
                [
                    0.825214,
                    1.0
                ]
            ]
        ]
    },
    "vb_scaled_center": [
        0.0,
        0.0,
        0.0
    ],
    "vb_nroots": 3,
    "cb_scaled_center": [
        0.5,
        0.0,
        0.5
    ],
    "cb_nroots": 1,
    "nmo": 26,
    "nocc": 4,
    "nvir": 22
}