{
    "formula": "bn",
    "basis": {
        "B": [
            [
                0,
                [
                    2.179344,
                    1.0
                ]
            ],
            [
                0,
                [
                    0.546712,
                    1.0
                ]
            ],
            [
                0,
                [
                    0.137149,
                    1.0
                ]
            ],
            [
                1,
                [
                    2.175375,
                    1.0
                ]
            ],
            [
                1,
                [
                    0.514597,
                    1.0
                ]
            ],
            [
                1,
                [
                    0.121731,
                    1.0
                ]
            ],
            [
                2,
                [
                    1.297202,
                    1.0
                ]
            ],
            [
                2,
                [
                    0.45156,
                    1.0
                ]
            ],
            [
                2,
                [
                    0.159914,
                    1.0
                ]
            ],
            [
                3,
                [
                    0.897573,
                    1.0
                ]
            ],
            [
                3,
                [
                    0.319796,
                    1.0
                ]
            ],
            [
                4,
                [
                    0.651935,
                    1.0
                ]
            ]
        ],
        "N": [
            [
                0,
                [
                    10.825244,
                    -0.03547603
                ],
                [
                    4.650477,
                    -0.1291745
                ]
            ],
            [
                0,
                [
                    0.85853,
                    1.0
                ]
            ],
            [
                0,
                [
                    0.346728,
                    1.0
                ]
            ],
            [
                0,
                [
                    0.138771,
                    1.0
                ]
            ],
            [
                1,
                [
                    7.774915,
                    0.05576795
                ],
                [
                    2.785927,
                    0.1730146
                ]
            ],
            [
                1,
                [
                    1.011876,
                    1.0
                ]
            ],
            [
                1,
                [
                    0.37156,
                    1.0
                ]
            ],
            [
                1,
                [
                    0.132073,
                    1.0
                ]
            ],
            [
                2,
                [
                    3.044276,
                    1.0
                ]
            ],
            [
                2,
                [
                    1.00017,
                    1.0
                ]
            ],
            [
                2,
                [
                    0.344383,
                    1.0
                ]
            ],
            [
                3,
                [
                    2.052917,
                    1.0
                ]
            ],
            [
                3,
                [
                    0.688155,
                    1.0
                ]
            ],
            [
                4,
                [
                    1.435779,
                    1.0
                ]
            ]
        ]
    },
    "vb_scaled_center": [
        0.0,
        0.0,
        0.0
    ],
    "vb_nroots": 3,
    "cb_scaled_center": [
        0.5,
        0.0,
        0.5
    ],
    "cb_nroots": 1,
    "nmo": 104,
    "nocc": 4,
    "nvir": 100
}