{
    "formula": "bp",
    "basis": {
        "B": [
            [
                0,
                [
                    2.179344,
                    1.0
                ]
            ],
            [
                0,
                [
                    0.546712,
                    1.0
                ]
            ],
            [
                0,
                [
                    0.137149,
                    1.0
                ]
            ],
            [
                1,
                [
                    2.175375,
                    1.0
                ]
            ],
            [
                1,
                [
                    0.514597,
                    1.0
                ]
            ],
            [
                1,
                [
                    0.121731,
                    1.0
                ]
            ],
            [
                2,
                [
                    1.297202,
                    1.0
                ]
            ],
            [
                2,
                [
                    0.45156,
                    1.0
                ]
            ],
            [
                2,
                [
                    0.159914,
                    1.0
                ]
            ],
            [
                3,
                [
                    0.897573,
                    1.0
                ]
            ],
            [
                3,
                [
                    0.319796,
                    1.0
                ]
            ],
            [
                4,
                [
                    0.651935,
                    1.0
                ]
            ]
        ],
        "P": [
            [
                0,
                [
                    1.530023,
                    1.0
                ]
            ],
            [
                0,
                [
                    0.506175,
                    1.0
                ]
            ],
            [
                0,
                [
                    0.222875,
                    1.0
                ]
            ],
            [
                0,
                [
                    0.09148,
                    1.0
                ]
            ],
            [
                1,
                [
                    2.392373,
                    1.0
                ]
            ],
            [
                1,
                [
                    0.508607,
                    1.0
                ]
            ],
            [
                1,
                [
                    0.200789,
                    1.0
                ]
            ],
            [
                1,
                [
                    0.076389,
                    1.0
                ]
            ],
            [
                2,
                [
                    1.510674,
                    1.0
                ]
            ],
            [
                2,
                [
                    0.498305,
                    1.0
                ]
            ],
            [
                2,
                [
                    0.185542,
                    1.0
                ]
            ],
            [
                3,
                [
                    0.749109,
                    1.0
                ]
            ],
            [
                3,
                [
                    0.290134,
                    1.0
                ]
            ],
            [
                4,
                [
                    0.610638,
                    1.0
                ]
            ]
        ]
    },
    "vb_scaled_center": [
        0.0,
        0.0,
        0.0
    ],
    "vb_nroots": 3,
    "cb_scaled_center": [
        0.38888889,
        0.0,
        0.38888889
    ],
    "cb_nroots": 1,
    "nmo": 104,
    "nocc": 4,
    "nvir": 100
}