{
    "formula": "bp",
    "basis": {
        "B": [
            [
                0,
                [
                    2.179344,
                    1.0
                ]
            ],
            [
                0,
                [
                    0.546712,
                    1.0
                ]
            ],
            [
                0,
                [
                    0.137149,
                    1.0
                ]
            ],
            [
                1,
                [
                    2.175375,
                    1.0
                ]
            ],
            [
                1,
                [
                    0.514597,
                    1.0
                ]
            ],
            [
                1,
                [
                    0.121731,
                    1.0
                ]
            ],
            [
                2,
                [
                    0.682056,
                    1.0
                ]
            ],
            [
                2,
                [
                    0.200979,
                    1.0
                ]
            ],
            [
                3,
                [
                    0.490452,
                    1.0
                ]
            ]
        ],
        "P": [
            [
                0,
                [
                    1.530023,
                    -0.3071303
                ],
                [
                    0.506175,
                    0.2715404
                ]
            ],
            [
                0,
                [
                    0.222875,
                    1.0
                ]
            ],
            [
                0,
                [
                    0.09148,
                    1.0
                ]
            ],
            [
                1,
                [
                    2.392373,
                    -0.02970422
                ],
                [
                    0.508607,
                    0.3273061
                ]
            ],
            [
                1,
                [
                    0.200789,
                    1.0
                ]
            ],
            [
                1,
                [
                    0.076389,
                    1.0
                ]
            ],
            [
                2,
                [
                    0.755098,
                    1.0
                ]
            ],
            [
                2,
                [
                    0.234585,
                    1.0
                ]
            ],
            [
                3,
                [
                    0.471351,
                    1.0
                ]
            ]
        ]
    },
    "vb_scaled_center": [
        0.0,
        0.0,
        0.0
    ],
    "vb_nroots": 3,
    "cb_scaled_center": [
        0.38888889,
        0.0,
        0.38888889
    ],
    "cb_nroots": 1,
    "nmo": 58,
    "nocc": 4,
    "nvir": 54
}