{
    "formula": "bp",
    "basis": {
        "B": [
            [
                0,
                [
                    2.179344,
                    -0.1885123
                ],
                [
                    0.546712,
                    0.3065767
                ]
            ],
            [
                0,
                [
                    0.137149,
                    1.0
                ]
            ],
            [
                1,
                [
                    2.175375,
                    0.1226444
                ],
                [
                    0.514597,
                    0.44296
                ]
            ],
            [
                1,
                [
                    0.121731,
                    1.0
                ]
            ],
            [
                2,
                [
                    0.348445,
                    1.0
                ]
            ]
        ],
        "P": [
            [
                0,
                [
                    1.530023,
                    -0.3071303
                ],
                [
                    0.506175,
                    0.2715404
                ],
                [
                    0.222875,
                    0.6623308
                ]
            ],
            [
                0,
                [
                    0.09148,
                    1.0
                ]
            ],
            [
                1,
                [
                    2.392373,
                    -0.02970422
                ],
                [
                    0.508607,
                    0.3273061
                ],
                [
                    0.200789,
                    0.5398297
                ]
            ],
            [
                1,
                [
                    0.076389,
                    1.0
                ]
            ],
            [
                2,
                [
                    0.391583,
                    1.0
                ]
            ]
        ]
    },
    "vb_scaled_center": [
        0.0,
        0.0,
        0.0
    ],
    "vb_nroots": 3,
    "cb_scaled_center": [
        0.38888889,
        0.0,
        0.38888889
    ],
    "cb_nroots": 1,
    "nmo": 26,
    "nocc": 4,
    "nvir": 22
}