{
    "formula": "c",
    "basis": {
        "C": [
            [
                0,
                [
                    9.031436,
                    1.0
                ]
            ],
            [
                0,
                [
                    3.821255,
                    1.0
                ]
            ],
            [
                0,
                [
                    0.473725,
                    1.0
                ]
            ],
            [
                0,
                [
                    0.149679,
                    1.0
                ]
            ],
            [
                1,
                [
                    4.353457,
                    1.0
                ]
            ],
            [
                1,
                [
                    1.266307,
                    1.0
                ]
            ],
            [
                1,
                [
                    0.398715,
                    1.0
                ]
            ],
            [
                1,
                [
                    0.124238,
                    1.0
                ]
            ],
            [
                2,
                [
                    1.962802,
                    1.0
                ]
            ],
            [
                2,
                [
                    0.658879,
                    1.0
                ]
            ],
            [
                2,
                [
                    0.233912,
                    1.0
                ]
            ],
            [
                3,
                [
                    1.446443,
                    1.0
                ]
            ],
            [
                3,
                [
                    0.496146,
                    1.0
                ]
            ],
            [
                4,
                [
                    1.013457,
                    1.0
                ]
            ]
        ]
    },
    "vb_scaled_center": [
        0.0,
        0.0,
        0.0
    ],
    "vb_nroots": 3,
    "cb_scaled_center": [
        0.36363636,
        0.0,
        0.36363636
    ],
    "cb_nroots": 1,
    "nmo": 108,
    "nocc": 4,
    "nvir": 104
}