{
    "formula": "licl",
    "basis": {
        "Li": [
            [
                0,
                [
                    0.824233,
                    1.0
                ]
            ],
            [
                0,
                [
                    0.047102,
                    1.0
                ]
            ],
            [
                1,
                [
                    0.41144,
                    1.0
                ]
            ],
            [
                1,
                [
                    0.08307,
                    1.0
                ]
            ],
            [
                2,
                [
                    0.1,
                    1.0
                ]
            ],
            [
                3,
                [
                    0.11111,
                    1.0
                ]
            ],
            [
                4,
                [
                    0.13201,
                    1.0
                ]
            ]
        ],
        "Cl": [
            [
                0,
                [
                    6.207531,
                    0.01911772
                ],
                [
                    2.4348,
                    -0.322772
                ]
            ],
            [
                0,
                [
                    0.584559,
                    1.0
                ]
            ],
            [
                0,
                [
                    0.270443,
                    1.0
                ]
            ],
            [
                0,
                [
                    0.119753,
                    1.0
                ]
            ],
            [
                1,
                [
                    3.836209,
                    1.0
                ]
            ],
            [
                1,
                [
                    0.806502,
                    1.0
                ]
            ],
            [
                1,
                [
                    0.310784,
                    1.0
                ]
            ],
            [
                1,
                [
                    0.112382,
                    1.0
                ]
            ],
            [
                2,
                [
                    1.817108,
                    1.0
                ]
            ],
            [
                2,
                [
                    0.684067,
                    1.0
                ]
            ],
            [
                2,
                [
                    0.265557,
                    1.0
                ]
            ],
            [
                3,
                [
                    1.175936,
                    1.0
                ]
            ],
            [
                3,
                [
                    0.44616,
                    1.0
                ]
            ],
            [
                4,
                [
                    0.847681,
                    1.0
                ]
            ]
        ]
    },
    "vb_scaled_center": [
        0.0530303,
        0.0530303,
        0.10606061
    ],
    "vb_nroots": 1,
    "cb_scaled_center": [
        0.0,
        0.0,
        0.0
    ],
    "cb_nroots": 1,
    "nmo": 83,
    "nocc": 5,
    "nvir": 78
}