{
    "formula": "licl",
    "basis": {
        "Li": [
            [
                0,
                [
                    0.824233,
                    1.0
                ]
            ],
            [
                0,
                [
                    0.047102,
                    1.0
                ]
            ],
            [
                1,
                [
                    0.41144,
                    1.0
                ]
            ],
            [
                1,
                [
                    0.08307,
                    1.0
                ]
            ],
            [
                2,
                [
                    0.1,
                    1.0
                ]
            ],
            [
                3,
                [
                    0.11111,
                    1.0
                ]
            ]
        ],
        "Cl": [
            [
                0,
                [
                    6.207531,
                    0.01911772
                ],
                [
                    2.4348,
                    -0.322772
                ],
                [
                    0.584559,
                    0.4800122
                ],
                [
                    0.270443,
                    0.5556223
                ],
                [
                    0.119753,
                    0.1622979
                ]
            ],
            [
                0,
                [
                    1.014209,
                    1.0
                ]
            ],
            [
                0,
                [
                    0.18359,
                    1.0
                ]
            ],
            [
                1,
                [
                    3.836209,
                    -0.03930306
                ],
                [
                    0.806502,
                    0.352326
                ],
                [
                    0.310784,
                    0.53049
                ],
                [
                    0.112382,
                    0.2598174
                ]
            ],
            [
                1,
                [
                    0.908871,
                    1.0
                ]
            ],
            [
                1,
                [
                    0.142482,
                    1.0
                ]
            ],
            [
                2,
                [
                    1.156611,
                    1.0
                ]
            ],
            [
                2,
                [
                    0.3562,
                    1.0
                ]
            ],
            [
                3,
                [
                    0.737543,
                    1.0
                ]
            ]
        ]
    },
    "vb_scaled_center": [
        0.0530303,
        0.0530303,
        0.10606061
    ],
    "vb_nroots": 1,
    "cb_scaled_center": [
        0.0,
        0.0,
        0.0
    ],
    "cb_nroots": 1,
    "nmo": 49,
    "nocc": 5,
    "nvir": 44
}