{
    "formula": "lif",
    "basis": {
        "Li": [
            [
                0,
                [
                    0.824233,
                    1.0
                ]
            ],
            [
                0,
                [
                    0.047102,
                    1.0
                ]
            ],
            [
                1,
                [
                    0.41144,
                    1.0
                ]
            ],
            [
                1,
                [
                    0.08307,
                    1.0
                ]
            ],
            [
                2,
                [
                    0.1,
                    1.0
                ]
            ],
            [
                3,
                [
                    0.11111,
                    1.0
                ]
            ]
        ],
        "F": [
            [
                0,
                [
                    19.343755,
                    -0.03328997
                ],
                [
                    8.171844,
                    -0.1351323
                ],
                [
                    1.512425,
                    0.381406
                ],
                [
                    0.605694,
                    0.5424488
                ],
                [
                    0.236889,
                    0.2066114
                ]
            ],
            [
                0,
                [
                    2.526171,
                    1.0
                ]
            ],
            [
                0,
                [
                    0.342975,
                    1.0
                ]
            ],
            [
                1,
                [
                    13.593218,
                    0.06032943
                ],
                [
                    4.780664,
                    0.1889363
                ],
                [
                    1.707567,
                    0.3707187
                ],
                [
                    0.602699,
                    0.4233239
                ],
                [
                    0.200679,
                    0.2156237
                ]
            ],
            [
                1,
                [
                    0.838384,
                    1.0
                ]
            ],
            [
                1,
                [
                    0.262095,
                    1.0
                ]
            ],
            [
                2,
                [
                    3.205811,
                    1.0
                ]
            ],
            [
                2,
                [
                    0.877472,
                    1.0
                ]
            ],
            [
                3,
                [
                    1.949788,
                    1.0
                ]
            ]
        ]
    },
    "vb_scaled_center": [
        0.0,
        0.0,
        0.0
    ],
    "vb_nroots": 3,
    "cb_scaled_center": [
        0.0,
        0.0,
        0.0
    ],
    "cb_nroots": 1,
    "nmo": 49,
    "nocc": 5,
    "nvir": 44
}