{
    "formula": "lif",
    "basis": {
        "Li": [
            [
                0,
                [
                    0.824233,
                    1.0
                ]
            ],
            [
                0,
                [
                    0.047102,
                    1.0
                ]
            ],
            [
                1,
                [
                    0.41144,
                    1.0
                ]
            ],
            [
                1,
                [
                    0.08307,
                    1.0
                ]
            ],
            [
                2,
                [
                    0.1,
                    1.0
                ]
            ],
            [
                3,
                [
                    0.11111,
                    1.0
                ]
            ],
            [
                4,
                [
                    0.13201,
                    1.0
                ]
            ]
        ],
        "F": [
            [
                0,
                [
                    19.343755,
                    -0.03328997
                ],
                [
                    8.171844,
                    -0.1351323
                ]
            ],
            [
                0,
                [
                    1.512425,
                    1.0
                ]
            ],
            [
                0,
                [
                    0.605694,
                    1.0
                ]
            ],
            [
                0,
                [
                    0.236889,
                    1.0
                ]
            ],
            [
                1,
                [
                    13.593218,
                    0.06032943
                ],
                [
                    4.780664,
                    0.1889363
                ]
            ],
            [
                1,
                [
                    1.707567,
                    1.0
                ]
            ],
            [
                1,
                [
                    0.602699,
                    1.0
                ]
            ],
            [
                1,
                [
                    0.200679,
                    1.0
                ]
            ],
            [
                2,
                [
                    5.540617,
                    1.0
                ]
            ],
            [
                2,
                [
                    1.826831,
                    1.0
                ]
            ],
            [
                2,
                [
                    0.61174,
                    1.0
                ]
            ],
            [
                3,
                [
                    3.608687,
                    1.0
                ]
            ],
            [
                3,
                [
                    1.157498,
                    1.0
                ]
            ],
            [
                4,
                [
                    2.373268,
                    1.0
                ]
            ]
        ]
    },
    "vb_scaled_center": [
        0.0,
        0.0,
        0.0
    ],
    "vb_nroots": 3,
    "cb_scaled_center": [
        0.0,
        0.0,
        0.0
    ],
    "cb_nroots": 1,
    "nmo": 83,
    "nocc": 5,
    "nvir": 78
}