{
    "formula": "lih",
    "basis": {
        "Li": [
            [
                0,
                [
                    0.824233,
                    1.0
                ]
            ],
            [
                0,
                [
                    0.047102,
                    1.0
                ]
            ],
            [
                1,
                [
                    0.41144,
                    1.0
                ]
            ],
            [
                1,
                [
                    0.08307,
                    1.0
                ]
            ],
            [
                2,
                [
                    0.1,
                    1.0
                ]
            ]
        ],
        "H": [
            [
                0,
                [
                    8.374435,
                    0.02609612
                ],
                [
                    1.805868,
                    0.1430274
                ],
                [
                    0.485253,
                    0.3477887
                ]
            ],
            [
                0,
                [
                    0.165824,
                    1.0
                ]
            ],
            [
                1,
                [
                    0.659618,
                    1.0
                ]
            ]
        ]
    },
    "vb_scaled_center": [
        0.5,
        0.0,
        0.5
    ],
    "vb_nroots": 1,
    "cb_scaled_center": [
        0.5,
        0.0,
        0.5
    ],
    "cb_nroots": 1,
    "nmo": 18,
    "nocc": 2,
    "nvir": 16
}