{
    "formula": "lih",
    "basis": {
        "Li": [
            [
                0,
                [
                    0.824233,
                    1.0
                ]
            ],
            [
                0,
                [
                    0.047102,
                    1.0
                ]
            ],
            [
                1,
                [
                    0.41144,
                    1.0
                ]
            ],
            [
                1,
                [
                    0.08307,
                    1.0
                ]
            ],
            [
                2,
                [
                    0.1,
                    1.0
                ]
            ],
            [
                3,
                [
                    0.11111,
                    1.0
                ]
            ],
            [
                4,
                [
                    0.13201,
                    1.0
                ]
            ]
        ],
        "H": [
            [
                0,
                [
                    8.374435,
                    1.0
                ]
            ],
            [
                0,
                [
                    1.805868,
                    1.0
                ]
            ],
            [
                0,
                [
                    0.485253,
                    1.0
                ]
            ],
            [
                0,
                [
                    0.165824,
                    1.0
                ]
            ],
            [
                1,
                [
                    2.22673,
                    1.0
                ]
            ],
            [
                1,
                [
                    0.813937,
                    1.0
                ]
            ],
            [
                1,
                [
                    0.287632,
                    1.0
                ]
            ],
            [
                2,
                [
                    2.103526,
                    1.0
                ]
            ],
            [
                2,
                [
                    0.691206,
                    1.0
                ]
            ],
            [
                3,
                [
                    1.558051,
                    1.0
                ]
            ]
        ]
    },
    "vb_scaled_center": [
        0.5,
        0.0,
        0.5
    ],
    "vb_nroots": 1,
    "cb_scaled_center": [
        0.5,
        0.0,
        0.5
    ],
    "cb_nroots": 1,
    "nmo": 59,
    "nocc": 2,
    "nvir": 57
}