{
    "formula": "mgo",
    "basis": {
        "Mg": [
            [
                0,
                [
                    0.894811,
                    1.0
                ]
            ],
            [
                0,
                [
                    0.070453,
                    1.0
                ]
            ],
            [
                1,
                [
                    0.110599,
                    1.0
                ]
            ],
            [
                2,
                [
                    0.313129,
                    1.0
                ]
            ],
            [
                2,
                [
                    0.10978,
                    1.0
                ]
            ],
            [
                3,
                [
                    0.240385,
                    1.0
                ]
            ]
        ],
        "O": [
            [
                0,
                [
                    14.482841,
                    -0.03658934
                ],
                [
                    6.284704,
                    -0.1303224
                ],
                [
                    1.164884,
                    0.3769821
                ],
                [
                    0.468441,
                    0.5431582
                ],
                [
                    0.184961,
                    0.208414
                ]
            ],
            [
                0,
                [
                    1.903839,
                    1.0
                ]
            ],
            [
                0,
                [
                    0.255392,
                    1.0
                ]
            ],
            [
                1,
                [
                    10.213949,
                    0.06086918
                ],
                [
                    3.622324,
                    0.1870524
                ],
                [
                    1.299051,
                    0.3714779
                ],
                [
                    0.463791,
                    0.4256889
                ],
                [
                    0.157848,
                    0.208873
                ]
            ],
            [
                1,
                [
                    0.651226,
                    1.0
                ]
            ],
            [
                1,
                [
                    0.208968,
                    1.0
                ]
            ],
            [
                2,
                [
                    2.397685,
                    1.0
                ]
            ],
            [
                2,
                [
                    0.66284,
                    1.0
                ]
            ],
            [
                3,
                [
                    1.454951,
                    1.0
                ]
            ]
        ]
    },
    "vb_scaled_center": [
        0.0,
        0.0,
        0.0
    ],
    "vb_nroots": 3,
    "cb_scaled_center": [
        0.0,
        0.0,
        0.0
    ],
    "cb_nroots": 1,
    "nmo": 51,
    "nocc": 8,
    "nvir": 43
}