{
    "formula": "mgo",
    "basis": {
        "Mg": [
            [
                0,
                [
                    0.894811,
                    1.0
                ]
            ],
            [
                0,
                [
                    0.070453,
                    1.0
                ]
            ],
            [
                1,
                [
                    0.110599,
                    1.0
                ]
            ],
            [
                2,
                [
                    0.418405,
                    1.0
                ]
            ],
            [
                2,
                [
                    0.238712,
                    1.0
                ]
            ],
            [
                2,
                [
                    0.094971,
                    1.0
                ]
            ],
            [
                3,
                [
                    0.374934,
                    1.0
                ]
            ],
            [
                3,
                [
                    0.144252,
                    1.0
                ]
            ],
            [
                4,
                [
                    0.302846,
                    1.0
                ]
            ]
        ],
        "O": [
            [
                0,
                [
                    14.482841,
                    -0.03658934
                ],
                [
                    6.284704,
                    -0.1303224
                ]
            ],
            [
                0,
                [
                    1.164884,
                    1.0
                ]
            ],
            [
                0,
                [
                    0.468441,
                    1.0
                ]
            ],
            [
                0,
                [
                    0.184961,
                    1.0
                ]
            ],
            [
                1,
                [
                    10.213949,
                    0.06086918
                ],
                [
                    3.622324,
                    0.1870524
                ]
            ],
            [
                1,
                [
                    1.299051,
                    1.0
                ]
            ],
            [
                1,
                [
                    0.463791,
                    1.0
                ]
            ],
            [
                1,
                [
                    0.157848,
                    1.0
                ]
            ],
            [
                2,
                [
                    4.182695,
                    1.0
                ]
            ],
            [
                2,
                [
                    1.377109,
                    1.0
                ]
            ],
            [
                2,
                [
                    0.466035,
                    1.0
                ]
            ],
            [
                3,
                [
                    2.717251,
                    1.0
                ]
            ],
            [
                3,
                [
                    0.874707,
                    1.0
                ]
            ],
            [
                4,
                [
                    1.845186,
                    1.0
                ]
            ]
        ]
    },
    "vb_scaled_center": [
        0.0,
        0.0,
        0.0
    ],
    "vb_nroots": 3,
    "cb_scaled_center": [
        0.0,
        0.0,
        0.0
    ],
    "cb_nroots": 1,
    "nmo": 97,
    "nocc": 8,
    "nvir": 89
}