{
    "formula": "mgs",
    "basis": {
        "Mg": [
            [
                0,
                [
                    0.894811,
                    1.0
                ]
            ],
            [
                0,
                [
                    0.070453,
                    1.0
                ]
            ],
            [
                1,
                [
                    0.110599,
                    1.0
                ]
            ],
            [
                2,
                [
                    0.418405,
                    1.0
                ]
            ],
            [
                2,
                [
                    0.238712,
                    1.0
                ]
            ],
            [
                2,
                [
                    0.094971,
                    1.0
                ]
            ],
            [
                3,
                [
                    0.374934,
                    1.0
                ]
            ],
            [
                3,
                [
                    0.144252,
                    1.0
                ]
            ],
            [
                4,
                [
                    0.302846,
                    1.0
                ]
            ]
        ],
        "S": [
            [
                0,
                [
                    5.232914,
                    0.01679491
                ],
                [
                    2.049267,
                    -0.3056343
                ]
            ],
            [
                0,
                [
                    0.467931,
                    1.0
                ]
            ],
            [
                0,
                [
                    0.214478,
                    1.0
                ]
            ],
            [
                0,
                [
                    0.095967,
                    1.0
                ]
            ],
            [
                1,
                [
                    3.176698,
                    1.0
                ]
            ],
            [
                1,
                [
                    0.645077,
                    1.0
                ]
            ],
            [
                1,
                [
                    0.2485,
                    1.0
                ]
            ],
            [
                1,
                [
                    0.090795,
                    1.0
                ]
            ],
            [
                2,
                [
                    1.584318,
                    1.0
                ]
            ],
            [
                2,
                [
                    0.572769,
                    1.0
                ]
            ],
            [
                2,
                [
                    0.219311,
                    1.0
                ]
            ],
            [
                3,
                [
                    0.934367,
                    1.0
                ]
            ],
            [
                3,
                [
                    0.351468,
                    1.0
                ]
            ],
            [
                4,
                [
                    0.698585,
                    1.0
                ]
            ]
        ]
    },
    "vb_scaled_center": [
        0.0,
        0.0,
        0.0
    ],
    "vb_nroots": 3,
    "cb_scaled_center": [
        0.5,
        0.0,
        0.5
    ],
    "cb_nroots": 1,
    "nmo": 97,
    "nocc": 8,
    "nvir": 89
}