{
    "formula": "mgs",
    "basis": {
        "Mg": [
            [
                0,
                [
                    0.894811,
                    1.0
                ]
            ],
            [
                0,
                [
                    0.070453,
                    1.0
                ]
            ],
            [
                1,
                [
                    0.110599,
                    1.0
                ]
            ],
            [
                2,
                [
                    0.313129,
                    1.0
                ]
            ],
            [
                2,
                [
                    0.10978,
                    1.0
                ]
            ],
            [
                3,
                [
                    0.240385,
                    1.0
                ]
            ]
        ],
        "S": [
            [
                0,
                [
                    5.232914,
                    0.01679491
                ],
                [
                    2.049267,
                    -0.3056343
                ],
                [
                    0.467931,
                    0.4907095
                ],
                [
                    0.214478,
                    0.5442219
                ],
                [
                    0.095967,
                    0.1524418
                ]
            ],
            [
                0,
                [
                    0.827232,
                    1.0
                ]
            ],
            [
                0,
                [
                    0.147365,
                    1.0
                ]
            ],
            [
                1,
                [
                    3.176698,
                    -0.03525788
                ],
                [
                    0.645077,
                    0.347026
                ],
                [
                    0.2485,
                    0.5347623
                ],
                [
                    0.090795,
                    0.2585096
                ]
            ],
            [
                1,
                [
                    0.725536,
                    1.0
                ]
            ],
            [
                1,
                [
                    0.114649,
                    1.0
                ]
            ],
            [
                2,
                [
                    0.932604,
                    1.0
                ]
            ],
            [
                2,
                [
                    0.288395,
                    1.0
                ]
            ],
            [
                3,
                [
                    0.578373,
                    1.0
                ]
            ]
        ]
    },
    "vb_scaled_center": [
        0.0,
        0.0,
        0.0
    ],
    "vb_nroots": 3,
    "cb_scaled_center": [
        0.5,
        0.0,
        0.5
    ],
    "cb_nroots": 1,
    "nmo": 51,
    "nocc": 8,
    "nvir": 43
}