{
    "formula": "si",
    "basis": {
        "Si": [
            [
                0,
                [
                    1.271038,
                    -0.2675576
                ],
                [
                    0.307669,
                    0.3996909
                ],
                [
                    0.141794,
                    0.5784306
                ]
            ],
            [
                0,
                [
                    0.06246,
                    1.0
                ]
            ],
            [
                1,
                [
                    1.610683,
                    -0.02629981
                ],
                [
                    0.38457,
                    0.3047784
                ],
                [
                    0.148473,
                    0.5453783
                ]
            ],
            [
                1,
                [
                    0.055964,
                    1.0
                ]
            ],
            [
                2,
                [
                    0.28559,
                    1.0
                ]
            ]
        ]
    },
    "vb_scaled_center": [
        0.0,
        0.0,
        0.0
    ],
    "vb_nroots": 3,
    "cb_scaled_center": [
        0.3989899,
        0.0,
        0.3989899
    ],
    "cb_nroots": 1,
    "nmo": 26,
    "nocc": 4,
    "nvir": 22
}