{
    "formula": "si",
    "basis": {
        "Si": [
            [
                0,
                [
                    1.271038,
                    1.0
                ]
            ],
            [
                0,
                [
                    0.307669,
                    1.0
                ]
            ],
            [
                0,
                [
                    0.141794,
                    1.0
                ]
            ],
            [
                0,
                [
                    0.06246,
                    1.0
                ]
            ],
            [
                1,
                [
                    1.610683,
                    1.0
                ]
            ],
            [
                1,
                [
                    0.38457,
                    1.0
                ]
            ],
            [
                1,
                [
                    0.148473,
                    1.0
                ]
            ],
            [
                1,
                [
                    0.055964,
                    1.0
                ]
            ],
            [
                2,
                [
                    1.221559,
                    1.0
                ]
            ],
            [
                2,
                [
                    0.379995,
                    1.0
                ]
            ],
            [
                2,
                [
                    0.14001,
                    1.0
                ]
            ],
            [
                3,
                [
                    0.56363,
                    1.0
                ]
            ],
            [
                3,
                [
                    0.219052,
                    1.0
                ]
            ],
            [
                4,
                [
                    0.47203,
                    1.0
                ]
            ]
        ]
    },
    "vb_scaled_center": [
        0.0,
        0.0,
        0.0
    ],
    "vb_nroots": 3,
    "cb_scaled_center": [
        0.3989899,
        0.0,
        0.3989899
    ],
    "cb_nroots": 1,
    "nmo": 108,
    "nocc": 4,
    "nvir": 104
}