{
    "formula": "sic",
    "basis": {
        "Si": [
            [
                0,
                [
                    1.271038,
                    -0.2675576
                ],
                [
                    0.307669,
                    0.3996909
                ],
                [
                    0.141794,
                    0.5784306
                ]
            ],
            [
                0,
                [
                    0.06246,
                    1.0
                ]
            ],
            [
                1,
                [
                    1.610683,
                    -0.02629981
                ],
                [
                    0.38457,
                    0.3047784
                ],
                [
                    0.148473,
                    0.5453783
                ]
            ],
            [
                1,
                [
                    0.055964,
                    1.0
                ]
            ],
            [
                2,
                [
                    0.28559,
                    1.0
                ]
            ]
        ],
        "C": [
            [
                0,
                [
                    9.031436,
                    -0.01960629
                ],
                [
                    3.821255,
                    -0.1291762
                ],
                [
                    0.473725,
                    0.5822572
                ]
            ],
            [
                0,
                [
                    0.149679,
                    1.0
                ]
            ],
            [
                1,
                [
                    4.353457,
                    0.08730943
                ],
                [
                    1.266307,
                    0.2797034
                ],
                [
                    0.398715,
                    0.5024424
                ]
            ],
            [
                1,
                [
                    0.124238,
                    1.0
                ]
            ],
            [
                2,
                [
                    0.556013,
                    1.0
                ]
            ]
        ]
    },
    "vb_scaled_center": [
        0.0,
        0.0,
        0.0
    ],
    "vb_nroots": 3,
    "cb_scaled_center": [
        0.5,
        0.0,
        0.5
    ],
    "cb_nroots": 1,
    "nmo": 26,
    "nocc": 4,
    "nvir": 22
}